{"name":"8fb0b127-180b-40ab-aef5-e6168d5c45c4","id":"/providers/Microsoft.Flow/flows/8fb0b127-180b-40ab-aef5-e6168d5c45c4","type":"Microsoft.Flow/flows","properties":{"apiId":"/providers/Microsoft.PowerApps/apis/shared_logicflows","displayName":"CheckPersonInGroup","definition":{"metadata":{"workflowEntityId":null,"creator":{"id":"48e8a1ab-0d3a-4f9b-b200-e9e9d1437a2b","type":"User","tenantId":"b618d3d2-c131-42fd-a629-3711d84af275"},"provisioningMethod":"FromDefinition","failureAlertSubscription":true,"clientLastModifiedTime":"2020-01-18T12:49:06.237136Z"},"$schema":"https://schema.management.azure.com/providers/Microsoft.Logic/schemas/2016-06-01/workflowdefinition.json#","contentVersion":"1.0.0.0","parameters":{"$connections":{"defaultValue":{},"type":"Object"},"$authentication":{"defaultValue":{},"type":"SecureObject"}},"triggers":{"manual":{"type":"Request","kind":"PowerApp","inputs":{"schema":{"type":"object","properties":{"Createblob_Blobcontent":{"type":"string","format":"binary","description":"Specify content of the blob to upload","x-ms-powerflows-param-ispartial":false},"Createblob_Blobname":{"type":"string","description":"Specify name of the blob to create","x-ms-powerflows-param-ispartial":false}},"required":["Createblob_Blobcontent","Createblob_Blobname"]}}}},"actions":{"Create_blob":{"runAfter":{"Compose_2":["Succeeded"]},"metadata":{"flowSystemMetadata":{"swaggerOperationId":"CreateFile"}},"type":"ApiConnection","inputs":{"host":{"connection":{"name":"@json(decodeBase64(triggerOutputs().headers['X-MS-APIM-Tokens']))['$connections']['shared_azureblob']['connectionId']"},"api":{"runtimeUrl":"https://flow-apim-europe-001-northeurope-01.azure-apim.net/apim/azureblob"}},"method":"post","body":"@outputs('Compose_2')","path":"/datasets/default/files","queries":{"folderPath":"/uploads","name":"@triggerBody()['Createblob_Blobname']","queryParametersSingleEncoded":true},"authentication":{"type":"Raw","value":"@json(decodeBase64(triggerOutputs().headers['X-MS-APIM-Tokens']))['$ConnectionKey']"}},"runtimeConfiguration":{"contentTransfer":{"transferMode":"Chunked"}}},"Detect_faces":{"runAfter":{"Get_items":["Succeeded"]},"metadata":{"flowSystemMetadata":{"swaggerOperationId":"Detect"}},"type":"ApiConnection","inputs":{"host":{"connection":{"name":"@json(decodeBase64(triggerOutputs().headers['X-MS-APIM-Tokens']))['$connections']['shared_faceapi']['connectionId']"},"api":{"runtimeUrl":"https://flow-apim-europe-001-westeurope-01.azure-apim.net/apim/faceapi"}},"method":"post","body":{"url":"https://confcrowd.blob.core.windows.net@{body('Create_blob')?['Path']}"},"path":"/face/v1.0/detect","queries":{"returnFaceId":"true","returnFaceAttributes":"age,gender,headPose,smile,facialHair,glasses","returnFaceLandmarks":"true"},"authentication":{"type":"Raw","value":"@json(decodeBase64(triggerOutputs().headers['X-MS-APIM-Tokens']))['$ConnectionKey']"}}},"Apply_to_each":{"foreach":"@body('Detect_faces')","actions":{"Apply_to_each_3":{"foreach":"@body('Get_items')?['value']","actions":{"Find_person_from_face_2":{"runAfter":{},"metadata":{"flowSystemMetadata":{"swaggerOperationId":"Verify"}},"type":"ApiConnection","inputs":{"host":{"connection":{"name":"@json(decodeBase64(triggerOutputs().headers['X-MS-APIM-Tokens']))['$connections']['shared_faceapi']['connectionId']"},"api":{"runtimeUrl":"https://flow-apim-europe-001-westeurope-01.azure-apim.net/apim/faceapi"}},"method":"post","body":{"faceId":"@items('Apply_to_each')?['faceId']","personGroupId":"showtheirtweets","personId":"@items('Apply_to_each_3')?['PersonId']"},"path":"/face/v1.0/verify","authentication":{"type":"Raw","value":"@json(decodeBase64(triggerOutputs().headers['X-MS-APIM-Tokens']))['$ConnectionKey']"}}},"Condition_2":{"actions":{"Append_to_array_variable_3":{"runAfter":{},"type":"AppendToArrayVariable","inputs":{"name":"FoundPeople","value":"@body('Find_person_from_face_2')"}},"Append_to_array_variable_4":{"runAfter":{"Append_to_array_variable_3":["Succeeded"]},"type":"AppendToArrayVariable","inputs":{"name":"Persons","value":"@items('Apply_to_each_3')?['TwitterHandle']"}}},"runAfter":{"Find_person_from_face_2":["Succeeded"]},"expression":{"equals":["@body('Find_person_from_face_2')?['isIdentical']",true]},"type":"If"}},"runAfter":{},"type":"Foreach"}},"runAfter":{"Detect_faces":["Succeeded"]},"type":"Foreach"},"Initialize_variable":{"runAfter":{},"type":"InitializeVariable","inputs":{"variables":[{"name":"FoundPeople","type":"Array"}]}},"Respond_to_a_PowerApp_or_flow":{"runAfter":{"Compose_3":["Succeeded"]},"type":"Response","kind":"PowerApp","inputs":{"statusCode":200,"body":{"matchingperson":"@{first(variables('Persons'))}"},"schema":{"type":"object","properties":{"matchingperson":{"title":"MatchingPerson","x-ms-dynamically-added":true,"type":"string"}}}}},"Compose":{"runAfter":{"Apply_to_each":["Succeeded"]},"type":"Compose","inputs":"@variables('FoundPeople')"},"Compose_2":{"runAfter":{"Initialize_variable_2":["Succeeded"]},"type":"Compose","inputs":"@base64ToBinary(triggerBody()['Createblob_Blobcontent'])"},"Initialize_variable_2":{"runAfter":{"Initialize_variable":["Succeeded"]},"type":"InitializeVariable","inputs":{"variables":[{"name":"Persons","type":"Array"}]}},"Compose_3":{"runAfter":{"Compose":["Succeeded"]},"type":"Compose","inputs":"@variables('Persons')"},"Get_items":{"runAfter":{"Create_blob":["Succeeded"]},"metadata":{"flowSystemMetadata":{"swaggerOperationId":"GetItems"}},"type":"ApiConnection","inputs":{"host":{"connection":{"name":"@json(decodeBase64(triggerOutputs().headers['X-MS-APIM-Tokens']))['$connections']['shared_sharepointonline']['connectionId']"},"api":{"runtimeUrl":"https://flow-apim-europe-001-northeurope-01.azure-apim.net/apim/sharepointonline"}},"method":"get","path":"/datasets/@{encodeURIComponent(encodeURIComponent('https://mcdonnell.sharepoint.com/sites/ShowTheirTweets'))}/tables/@{encodeURIComponent(encodeURIComponent('953495a2-4140-4632-91f7-4e3fc1513ce4'))}/items","authentication":{"type":"Raw","value":"@json(decodeBase64(triggerOutputs().headers['X-MS-APIM-Tokens']))['$ConnectionKey']"}}}},"outputs":{},"description":"Create one or more actions to happen when a button or link in PowerApps is selected. To use this flow from a PowerApp, select the control you want to trigger the flow and go to the Action tab in the PowerApps ribbon and select Flows."},"connectionReferences":{"shared_azureblob":{"connectionName":"5436bfd684284fe88ef408bfb9b4268f","source":"Invoker","id":"/providers/Microsoft.PowerApps/apis/shared_azureblob","tier":"NotSpecified"},"shared_faceapi":{"connectionName":"5b5f15e366494a9357b1c9617d076662","source":"Invoker","id":"/providers/Microsoft.PowerApps/apis/shared_faceapi","tier":"NotSpecified"},"shared_sharepointonline":{"connectionName":"0144f9734ab14f0ebdb4b7e6db85bf20","source":"Invoker","id":"/providers/Microsoft.PowerApps/apis/shared_sharepointonline","tier":"NotSpecified"}},"flowFailureAlertSubscribed":false}}