{"name":"06130c41-acf3-4db0-9d2c-5d032c1a6264","id":"/providers/Microsoft.Flow/flows/06130c41-acf3-4db0-9d2c-5d032c1a6264","type":"Microsoft.Flow/flows","properties":{"apiId":"/providers/Microsoft.PowerApps/apis/shared_logicflows","displayName":"Upload share their link and share their link","definition":{"metadata":{"workflowEntityId":null,"creator":{"id":"48e8a1ab-0d3a-4f9b-b200-e9e9d1437a2b","type":"User","tenantId":"b618d3d2-c131-42fd-a629-3711d84af275"},"provisioningMethod":"FromDefinition","failureAlertSubscription":true,"clientLastModifiedTime":"2020-01-18T10:10:49.4013336Z"},"$schema":"https://schema.management.azure.com/providers/Microsoft.Logic/schemas/2016-06-01/workflowdefinition.json#","contentVersion":"1.0.0.0","parameters":{"$connections":{"defaultValue":{},"type":"Object"},"$authentication":{"defaultValue":{},"type":"SecureObject"},"odb.folderPath":{"defaultValue":"","type":"String"}},"triggers":{"manual":{"type":"Request","kind":"PowerApp","inputs":{"schema":{"type":"object","properties":{"CreatefileFilename":{"type":"string","format":"","description":"Name of the file to create in OneDrive for Business","x-ms-powerflows-param-ispartial":false},"CreatefileFilecontent":{"type":"string","format":"binary","description":"Content of the file to upload to OneDrive for Business","x-ms-powerflows-param-ispartial":false},"SendapprovalemailTo":{"type":"string","format":"email","description":"Specify email addresses separated by semicolons like someone@contoso.com","x-ms-powerflows-param-ispartial":false}},"required":["CreatefileFilename","CreatefileFilecontent","SendapprovalemailTo"]}}}},"actions":{"Respond_to_a_PowerApp_or_flow":{"runAfter":{"Create_blob":["Succeeded"]},"type":"Response","kind":"PowerApp","inputs":{"statusCode":200,"body":{"sharelink":"https://confcrowd.blob.core.windows.net@{body('Create_blob')?['Path']}"},"schema":{"type":"object","properties":{"sharelink":{"title":"ShareLink","x-ms-dynamically-added":true,"type":"string"}}}}},"Compose":{"runAfter":{},"type":"Compose","inputs":"@base64ToBinary(triggerBody()['CreatefileFilecontent'])"},"Create_blob":{"runAfter":{"Compose":["Succeeded"]},"metadata":{"flowSystemMetadata":{"swaggerOperationId":"CreateFile"}},"type":"ApiConnection","inputs":{"host":{"connection":{"name":"@json(decodeBase64(triggerOutputs().headers['X-MS-APIM-Tokens']))['$connections']['shared_azureblob']['connectionId']"},"api":{"runtimeUrl":"https://flow-apim-europe-001-northeurope-01.azure-apim.net/apim/azureblob"}},"method":"post","body":"@outputs('Compose')","headers":{"Content-Type":"image/png"},"path":"/datasets/default/files","queries":{"folderPath":"/uploads","name":"@triggerBody()['CreatefileFilename']","queryParametersSingleEncoded":true},"authentication":{"type":"Raw","value":"@json(decodeBase64(triggerOutputs().headers['X-MS-APIM-Tokens']))['$ConnectionKey']"}},"runtimeConfiguration":{"contentTransfer":{"transferMode":"Chunked"}}}},"outputs":{},"description":"Add a new file to OneDrive for Business when a button or link in PowerApps is selected. An approval email will then be sent, and if the approver rejects the file it will be deleted from OneDrive."},"connectionReferences":{"shared_azureblob":{"connectionName":"5436bfd684284fe88ef408bfb9b4268f","source":"Invoker","id":"/providers/Microsoft.PowerApps/apis/shared_azureblob","tier":"NotSpecified"}},"flowFailureAlertSubscribed":false}}