{"name":"bcefff4e-7aad-4f62-b963-b4b00b566585","id":"/providers/Microsoft.Flow/flows/bcefff4e-7aad-4f62-b963-b4b00b566585","type":"Microsoft.Flow/flows","properties":{"apiId":"/providers/Microsoft.PowerApps/apis/shared_logicflows","displayName":"AnalyseTweetsForEntities","definition":{"metadata":{"workflowEntityId":null,"creator":{"id":"48e8a1ab-0d3a-4f9b-b200-e9e9d1437a2b","type":"User","tenantId":"b618d3d2-c131-42fd-a629-3711d84af275"},"provisioningMethod":"FromDefinition","failureAlertSubscription":true,"clientLastModifiedTime":"2020-01-18T17:53:28.9640886Z"},"$schema":"https://schema.management.azure.com/providers/Microsoft.Logic/schemas/2016-06-01/workflowdefinition.json#","contentVersion":"1.0.0.0","parameters":{"$connections":{"defaultValue":{},"type":"Object"},"$authentication":{"defaultValue":{},"type":"SecureObject"}},"triggers":{"manual":{"type":"Request","kind":"PowerApp","inputs":{"schema":{"type":"object","properties":{"Getusertimeline_Username":{"type":"string","description":"Twitter handle for the user.","x-ms-powerflows-param-ispartial":false}},"required":["Getusertimeline_Username"]}}}},"actions":{"Get_user_timeline":{"runAfter":{},"metadata":{"flowSystemMetadata":{"swaggerOperationId":"UserTimeline"}},"type":"ApiConnection","inputs":{"host":{"connection":{"name":"@json(decodeBase64(triggerOutputs().headers['X-MS-APIM-Tokens']))['$connections']['shared_twitter']['connectionId']"},"api":{"runtimeUrl":"https://flow-apim-europe-001-northeurope-01.azure-apim.net/apim/twitter"}},"method":"get","path":"/usertimeline","queries":{"userName":"@triggerBody()['Getusertimeline_Username']","maxResults":30},"authentication":{"type":"Raw","value":"@json(decodeBase64(triggerOutputs().headers['X-MS-APIM-Tokens']))['$ConnectionKey']"}}},"Initialize_variable":{"runAfter":{"Get_user_timeline":["Succeeded"]},"type":"InitializeVariable","inputs":{"variables":[{"name":"Tweets","type":"Array"}]}},"Apply_to_each":{"foreach":"@body('Get_user_timeline')","actions":{"Append_to_array_variable":{"runAfter":{},"type":"AppendToArrayVariable","inputs":{"name":"Tweets","value":"@items('Apply_to_each')"}},"Append_to_string_variable":{"runAfter":{"Append_to_array_variable":["Succeeded"]},"type":"AppendToStringVariable","inputs":{"name":"TweetText","value":"@substring(items('Apply_to_each')['TweetText'],0,if(less(length(items('Apply_to_each')['TweetText']),500),length(items('Apply_to_each')['TweetText']),500))"}}},"runAfter":{"Initialize_variable_3":["Succeeded"]},"type":"Foreach"},"Initialize_variable_2":{"runAfter":{"Initialize_variable":["Succeeded"]},"type":"InitializeVariable","inputs":{"variables":[{"name":"TweetText","type":"String"}]}},"Respond_to_a_PowerApp_or_flow":{"runAfter":{"Apply_to_each_3":["Succeeded"]},"type":"Response","kind":"PowerApp","inputs":{"statusCode":200,"body":{"keyphrases":"@variables('KeyPhrases')"},"schema":{"type":"object","properties":{"keyphrases":{"title":"KeyPhrases","x-ms-dynamically-added":true,"type":"string"}}}}},"Initialize_variable_3":{"runAfter":{"Initialize_variable_2":["Succeeded"]},"type":"InitializeVariable","inputs":{"variables":[{"name":"KeyPhrases","type":"String"}]}},"Entities":{"runAfter":{"Apply_to_each":["Succeeded"]},"metadata":{"flowSystemMetadata":{"swaggerOperationId":"DetectEntities"}},"type":"ApiConnection","inputs":{"host":{"connection":{"name":"@json(decodeBase64(triggerOutputs().headers['X-MS-APIM-Tokens']))['$connections']['shared_cognitiveservicestextanalytics']['connectionId']"},"api":{"runtimeUrl":"https://flow-apim-europe-001-westeurope-01.azure-apim.net/apim/cognitiveservicestextanalytics"}},"method":"post","body":{"text":"@variables('TweetText')"},"path":"/text/analytics/v2.1/entities","authentication":{"type":"Raw","value":"@json(decodeBase64(triggerOutputs().headers['X-MS-APIM-Tokens']))['$ConnectionKey']"}}},"Apply_to_each_3":{"foreach":"@body('Entities')?['entities']","actions":{"Apply_to_each_2":{"foreach":"@items('Apply_to_each_3')?['matches']","actions":{"Append_to_string_variable_2":{"runAfter":{},"type":"AppendToStringVariable","inputs":{"name":"KeyPhrases","value":"@{items('Apply_to_each_3')?['name']},"}}},"runAfter":{},"type":"Foreach"}},"runAfter":{"Entities":["Succeeded"]},"type":"Foreach"}},"outputs":{},"description":"Create one or more actions to happen when a button or link in PowerApps is selected. To use this flow from a PowerApp, select the control you want to trigger the flow and go to the Action tab in the PowerApps ribbon and select Flows."},"connectionReferences":{"shared_twitter":{"connectionName":"a3451d67b58e4aa29aae3a948e236ec2","source":"Invoker","id":"/providers/Microsoft.PowerApps/apis/shared_twitter","tier":"NotSpecified"},"shared_cognitiveservicestextanalytics":{"connectionName":"shared-cognitiveserv-4ff58b8e-0298-4753-a027-e6d9b26e89f7","source":"Invoker","id":"/providers/Microsoft.PowerApps/apis/shared_cognitiveservicestextanalytics","tier":"NotSpecified"}},"flowFailureAlertSubscribed":false}}